{"ax1": [316.1251700680272, 268.2448979591837], "ax2": [532.4517006802721, 282.0897959183674]}