{"ax1": [285.78535606820463, 250.06218655967905], "ax2": [482.2627883650953, 256.8665997993982]}